"","Site","Triplicate","Layer","Al","As","Cd","Co","Cr","Cu","Fe","Mn","Ni","Pb","S","Zn","Acidity1","Acidity","Treatment"
"1","S01","A","1 No",429.914017196561,0.0369926014797041,0.0849830033993201,5.69886022795441,0.589882023595281,10.997800439912,569.886022795441,6.19876024795041,6.19876024795041,0.0929814037192562,1799.6400719856,2.3995200959808,187.96216310582,258.395333634831,"Non-incubated"
"2","S01","B","1 No",25.8372254794793,0.0025,0.00258372254794793,0.109311338567028,0.0317996621285899,0.218622677134055,31.7996621285899,4.27307959852927,1.68935705058134,0.00844678525290669,218.622677134055,0.645930636986982,NA,NA,"Non-incubated"
"3","S01","C","1 No",26.8247449993377,0.0025,0.00139091270366936,0.0973638892568552,0.0258312359252881,0.228507087031395,20.8636905550404,2.78182540733872,1.0928599814545,0.00248377268512386,238.44217777189,0.427208901841304,87.4289409743495,121.532656552947,"Non-incubated"
"4","S02","A","1 No",8.6057371581054,0.0025,0.00560373582388259,0.160106737825217,0.00980653769179453,0.0950633755837225,18.0120080053369,21.0140093395597,0.870580386924616,0.00500333555703802,300.200133422282,0.520346897931955,146.297628081444,225.850042004518,"Non-incubated"
"5","S02","A","1 No",8.90712570056045,0.0025,0.00540432345876701,0.160128102481986,0.0130104083266613,0.0990792634107286,18.0144115292234,21.0168134507606,0.860688550840672,0.00500400320256205,290.232185748599,0.540432345876701,146.297628081444,225.850042004518,"Non-incubated"
"6","S02","B","1 No",15.8761659059337,0.0025,0.0041674935503076,0.119071244294503,0.013891645167692,0.168684262750546,18.8529470132963,13.891645167692,0.635046636237349,0.00545743203016472,257.987695971423,0.55566580670768,114.309232664342,165.636177540224,"Non-incubated"
"7","S02","B","1 No",NA,NA,NA,NA,NA,NA,NA,NA,NA,NA,NA,NA,114.309232664342,165.636177540224,"Non-incubated"
"8","S02","C","1 No",19.8978576639915,0.0025,0.00696425018239703,0.169131790143928,0.0159182861311932,0.139285003647941,13.9285003647941,18.9029647807919,0.955097167871592,0.00686476089407707,318.365722623864,4.47701797439809,135.977202886652,200.038595737169,"Non-incubated"
"9","S02","C","1 No",NA,NA,NA,NA,NA,NA,NA,NA,NA,NA,NA,NA,135.977202886652,200.038595737169,"Non-incubated"
"10","S03","A","1 No",12.001200120012,0.0056005600560056,0.0016001600160016,0.05000500050005,0.022002200220022,0.13001300130013,12.001200120012,3.7003700370037,0.58005800580058,0.0042004200420042,120.01200120012,0.39003900390039,73.4927007557954,113.374303834759,"Non-incubated"
"11","S03","B","1 No",320.491420177606,0.0140214996327702,0.0270414635774855,1.10168925686052,0.320491420177606,5.9090605595246,190.291780730453,24.0368565133204,3.20491420177606,0.0450691059624758,1101.68925686052,1.90291780730453,128.379329463832,172.878720327397,"Non-incubated"
"12","S03","C","1 No",13.7331197070268,0.0025,0.00333518621456365,0.137331197070268,0.0107903083412353,0.28447176535984,1.86378053166792,6.37609129254815,0.794559068763692,0.00421802962430108,166.759310728182,0.598371644377595,79.0567380755095,108.493032507679,"Non-incubated"
"13","S03","C","1 No",14.564049453039,0.0025,0.00398084018383067,0.135931128228364,0.00970936630202602,0.281571622758755,1.9418732604052,6.50527542235743,0.835005501974238,0.00495177681403327,155.349860832416,0.611690077027639,79.0567380755095,108.493032507679,"Non-incubated"
"14","S04","A","1 No",26.596617960926,0.0025,0.00137908389427023,0.0620587752421606,0.0256115580364472,0.167460187161386,13.7908389427023,4.23575767525858,1.67460187161386,0.001,246.264981119685,0.531932359218519,66.9794704640336,90.4167769463085,"Non-incubated"
"15","S04","B","1 No",748.129675810474,0.0887780548628429,0.239401496259352,6.58354114713217,0.917705735660848,4.28927680798005,1596.00997506234,129.675810473815,9.87531172069825,0.329177057356608,3291.77057356609,16.9576059850374,171.169053066749,253.659024541919,"Non-incubated"
"16","S04","C","1 No",6.90370466405212,0.0025,0.00184747026221113,0.0612582244838427,0.0213917609308657,0.106958804654329,9.72352769584805,3.69494052442226,0.904288075713869,0.001,330.599941658834,0.583411661750883,51.8003557683064,75.7205613761916,"Non-incubated"
"17","S05","A","1 No",23.9824128972087,0.0025,0.00409699553660649,0.209846112850576,0.00759443075078276,0.359736193458131,4.69655585903671,36.9728865498634,1.29904736526547,0.00989274532009859,279.794817134102,0.939311171807341,73.6789602660277,98.2768685999092,"Non-incubated"
"18","S05","B","1 No",61.4977682261531,0.0025,0.0505868738634485,0.714167631013391,0.0178541907753348,0.872871549016366,15.8703918002976,43.6435774508183,1.9837989750372,0.0208298892378906,416.597784757811,5.45544718135229,111.925455882183,167.295820686293,"Non-incubated"
"19","S05","C","1 No",26.0347129506008,0.0025,0.00390520694259012,0.190253671562083,0.0100133511348465,0.390520694259012,4.90654205607477,39.0520694259012,0.921228304405874,0.0130173564753004,300.400534045394,0.901201602136182,78.0223465430337,100.126182147164,"Non-incubated"
"20","S06","A","1 No",9.99000999000999,0.00589410589410589,0.0024975024975025,0.0689310689310689,0.013986013986014,0.1998001998002,3.6963036963037,4.3956043956044,0.679320679320679,0.001,129.87012987013,0.479520479520479,34.0493372726409,49.9624779566727,"Non-incubated"
"21","S06","B","1 No",139.697322467986,0.0025,0.0648594711458507,0.7184433726925,0.0997838017628472,1.99567603525694,40.9113587227673,23.9481124230833,3.49243306169965,0.00399135207051389,578.746050224514,6.08681190753368,98.7128062795469,138.444448552,"Non-incubated"
"22","S06","C","1 No",199.275963997476,0.00996379819987379,0.0508153708193563,1.09601780198612,0.159420771197981,9.36597030788136,76.7212461390282,25.9058753196719,3.38769138795709,0.00538045102793185,727.357268590787,2.78986349596466,88.2698264762495,119.266227588702,"Non-incubated"
"23","S07","A","1 No",3.8948069241012,0.0025,0.0012982689747004,0.0659121171770972,0.00808921438082557,0.12982689747004,1.69773635153129,2.79627163781625,1.59786950732357,0.001,209.720372836218,0.349533954727031,38.2158806487886,56.8641797969947,"Non-incubated"
"24","S07","B","1 No",98.9805008413342,0.0138572701177868,0.0326635652776403,0.930416707908542,0.0712659606057607,1.28674651093735,60.3781055132139,10.8878550925468,2.87043452439869,0.0415718103533604,653.271305552806,5.24596654459071,63.1582130093,88.53191466933,"Non-incubated"
"25","S07","C","1 No",2.64433671220802,0.00528867342441604,0.00122046309794216,0.0284774722853171,0.0122046309794216,0.132216835610401,3.86479981015018,1.22046309794216,0.233922093772248,0.001,132.216835610401,0.233922093772248,45.30734644935,73.4439039846016,"Non-incubated"
"26","S08","A","1 No",416.308729267164,0.00991211260159915,0.0902002246745523,0.634375206502346,0.34692394105597,9.41650697151919,346.92394105597,8.12793233331131,2.57714927641578,0.0178418026828785,1486.81689023987,4.95605630079958,171.2851672218,240.904539000778,"Non-incubated"
"27","S08","B","1 No",615.751315920151,0.0178766511073592,0.148972092561327,1.19177674049061,0.705134571456947,5.66093951733042,625.682788757573,10.924620121164,4.27053332009137,0.0605819843082729,2284.23875260701,7.24997517131791,198.531602879096,274.525647242063,"Non-incubated"
"28","S08","C","1 No",296.794618124258,0.0118717847249703,0.0296794618124258,0.35615354174911,0.366046695686585,7.41986545310645,227.542540561931,6.03482390185991,1.58290462999604,0.0148397309062129,1088.24693312228,2.17649386624456,143.554243723694,211.234298877372,"Non-incubated"
"29","S09","A","1 No",NA,NA,NA,NA,NA,NA,NA,NA,NA,NA,NA,NA,22.714118638947,33.9333238303597,"Non-incubated"
"30","S09","B","1 No",0.993574882426972,0.0025,5e-04,0.0308008213552361,0.00516658938862025,0.0943896138305624,1.39100483539776,1.19228985891237,0.238457971782473,0.001,66.5695171226071,0.149036232364046,11.3778020890712,19.2994898593569,"Non-incubated"
"31","S09","C","1 No",39.7838411298611,0.00785730862314757,0.0198919205649305,0.427676292146007,0.0338162649603819,1.09405563107118,11.9351523389583,7.55892981467361,1.59135364519444,0.00716109140337499,328.216689321354,2.58594967344097,35.8270987259961,50.4480044424037,"Non-incubated"
"32","S09","C","1 No",40.0333611342786,0.00710592160133444,0.0190158465387823,0.420350291909925,0.0350291909924937,0.970809007506255,14.0116763969975,7.90658882402002,1.50125104253545,0.00650542118432027,330.275229357798,2.40200166805671,35.8270987259961,50.4480044424037,"Non-incubated"
"33","S10","A","1 No",117.951574325874,0.0025,0.00530782084466433,0.294878935814685,0.0678221552373775,1.27780872186363,48.1635595163985,12.7780872186363,1.867566593493,0.0658562956652796,520.952786605943,1.17951574325874,85.1472560703179,116.175749243053,"Non-incubated"
"34","S10","B","1 No",15.6581308106345,0.0025,0.00518675583102267,0.185940303376284,0.0156581308106345,0.166367639862991,5.18675583102267,8.31838199314957,0.743761213505138,0.00910128853368129,362.094274995922,0.548034578372207,63.3178289839351,97.6306236915714,"Non-incubated"
"35","S10","C","1 No",4.48326248671626,0.0025,0.00169367693942614,0.0528028692879915,0.0149442082890542,0.109590860786397,2.68995749202976,2.78958554729012,0.418437832093518,0.00627656748140276,139.479277364506,0.239107332624867,51.534831279383,75.7993753812345,"Non-incubated"
"36","S11","A","1 No",25.0158433674661,0.00540342216737267,0.00630399252860145,0.200126746939728,0.0210133084286715,0.290183783062606,17.0107734898769,11.0069710816851,0.740468963676995,0.0130082385510824,430.272505920416,0.910576698575765,91.0695448878998,124.223655104674,"Non-incubated"
"37","S11","B","1 No",139.725207092718,0.006786652915932,0.0299411158055824,1.09784091287135,0.0928174589973053,2.49509298379853,77.8469010945141,19.9607438703882,2.59489670315047,0.0978076449649024,1097.84091287135,2.89430786120629,136.050354633241,191.16947078557,"Non-incubated"
"38","S11","C","1 No",10.9893769356289,0.0025,0.0047953644810017,0.149855140031303,0.00779246728162776,0.109893769356289,0.999034266875354,9.99034266875354,0.549468846781445,0.0047953644810017,399.613706750142,0.579439874787705,88.6797053764582,123.55516659604,"Non-incubated"
"39","S12","A","1 No",39.0716313240942,0.00931708131574554,0.0520955084321256,0.731340791450994,0.025045917515445,0.230422441142094,41.0753047253298,18.0330606111204,1.70312239105026,0.040073468024712,871.597929537485,2.90532643179162,107.911512117196,159.507838189569,"Non-incubated"
"40","S12","B","1 No",34.8039378169644,0.00805462560906891,0.0397759289336736,0.825350525373728,0.0218767609135205,0.228711591368623,31.8207431469389,17.8991680201531,1.78991680201531,0.0328151413702807,954.622294408167,2.98319467002552,82.4773988001341,111.725686441862,"Non-incubated"
"41","S12","C","1 No",52.9788084766094,0.00569772091163535,0.0249900039984006,0.669732107157137,0.0189924030387845,0.159936025589764,28.9884046381447,17.9928028788485,1.69932027189124,0.0309876049580168,999.600159936026,2.69892043182727,121.16876481991,181.09868630877,"Non-incubated"
"42","S13","A","1 No",3.89948006932409,0.00509932009065458,0.00219970670577256,0.0359952006399147,0.0109985335288628,0.0559925343287562,2.79962671643781,2.39968004266098,0.189974670043994,0.00649913344887348,139.98133582189,0.179976003199573,72.8427605195727,104.856266175428,"Non-incubated"
"43","S13","B","1 No",29.9900033322226,0.0025,0.00999666777740753,0.169943352215928,0.0189936687770743,0.169943352215928,16.9943352215928,9.99666777740753,0.719760079973342,0.0259913362212596,419.860046651116,0.819726757747418,104.151281902234,144.062028395492,"Non-incubated"
"44","S13","C","1 No",62.9517370016321,0.00969256903041002,0.0389701229057722,0.769410118908837,0.0249808480165207,0.179862105718949,58.9548013189888,50.9609299537022,2.09839123338774,0.0349731872231289,1299.00409685907,2.69793158578423,109.831995673905,168.012742273126,"Non-incubated"
"45","S14","A","1 No",NA,NA,NA,NA,NA,NA,NA,NA,NA,NA,NA,NA,137.347849625922,201.588279951617,"Non-incubated"
"46","S14","B","1 No",34.9502224105063,0.0169455623808515,0.0222410506248676,0.518957847913578,0.0285956365176869,0.307138318152934,15.8864647320483,20.1228553272612,1.58864647320483,0.0349502224105063,826.096166066511,1.37682694344419,125.088529828539,184.565130277885,"Non-incubated"
"47","S14","C","1 No",29.1092567436445,0.0058218513487289,0.0158777764056243,0.333433304518109,0.0185240724732283,0.116437026974578,6.88036977577051,24.3459238219572,1.21729619109786,0.0254044422489988,1164.37026974578,0.899740662985375,NA,NA,"Non-incubated"
"48","S14","C","1 No",26.5660872417186,0.00846179075106592,0.015742866513611,0.344375204985241,0.0206625122991145,0.167267956707117,6.98589701541489,24.5982289275172,1.2791079042309,0.0275500163988193,1082.32207281076,0.954411282387668,NA,NA,"Non-incubated"
"49","S15","A","1 No",27.9273887891482,0.0209455415918612,0.0239377618192699,0.119688809096349,0.0458807101536006,0.299222022740874,36.9040494713744,7.48055056852184,0.997406742469579,0.018950728106922,578.495910632356,1.29662876521045,137.024812754892,210.386874667422,"Non-incubated"
"50","S15","B","1 No",10.9656409915598,0.0169468997142288,0.00777563633946966,0.0338937994284575,0.0388781816973483,0.36884428789792,13.9562703528943,2.4921911344454,0.229281584368977,0.00548282049577989,368.84428789792,0.319000465209012,94.6722279453541,178.535758386117,"Non-incubated"
"51","S15","C","1 No",13.8111764289256,0.0116863800552447,0.00871166513209151,0.0350591401657341,0.0456831220341384,0.276223528578511,25.4975564841703,1.91231673631277,0.339967419788937,0.0116863800552447,424.959274736171,0.37183936539415,146.91953992033,264.767766622381,"Non-incubated"
"52","S16","A","1 No",NA,NA,NA,NA,NA,NA,NA,NA,NA,NA,NA,NA,374.043040150336,603.158605754711,"Non-incubated"
"53","S16","B","1 No",NA,NA,NA,NA,NA,NA,NA,NA,NA,NA,NA,NA,520.785922259781,860.683144973335,"Non-incubated"
"54","S16","C","1 No",707.17653221582,0.314300680984809,0.202050437775948,2.46950535059493,0.145925316171518,0.0258175559380379,864.326872708224,42.6550924193669,5.27576143081643,0.0628601361969617,3255.25705305695,24.6950535059493,390.143182891303,594.368698452471,"Non-incubated"
"55","S17","A","1 No",NA,NA,NA,NA,NA,NA,NA,NA,NA,NA,NA,NA,268.056448624402,467.097205915084,"Non-incubated"
"56","S17","B","1 No",NA,NA,NA,NA,NA,NA,NA,NA,NA,NA,NA,NA,249.754962767035,436.171139471967,"Non-incubated"
"57","S17","C","1 No",65.6919552620941,0.0202129093114136,0.0404258186228271,0.121277455868481,0.0404258186228271,0.171809729147015,100.053901091497,6.16493733998113,1.71809729147015,0.0252661366392669,1111.71001212775,1.71809729147015,NA,NA,"Non-incubated"
"58","S18","A","1 No",12.9637016354208,0.0025,0.0139609094535301,0.319106501794974,0.00857598723573993,0.309134423613881,14.9581172716394,5.48464299960112,2.09413641802952,0.001,408.85520542481,2.29357798165138,51.8287878770335,70.3868377297777,"Non-incubated"
"59","S18","B","1 No",8.80733944954128,0.0055045871559633,0.00540450375312761,0.0770642201834862,0.0300250208507089,0.210175145954962,6.10508757297748,1.90158465387823,1.20100083402836,0.0028023352793995,230.191826522102,0.620517097581318,69.0924506895349,90.5853791613609,"Non-incubated"
"60","S18","C","1 No",86.7253696627347,0.0025,0.0338926732015285,0.67785346403057,0.0279116132247882,1.29589632829374,62.8011297557734,6.67885030736003,2.19305532480479,0.001,528.326964612062,4.38611064960957,60.494203661483,78.3657441332681,"Non-incubated"
"61","S19","A","1 No",14.4121061691821,0.0252211857960687,0.00264221946435005,0.0252211857960687,0.0288242123383642,0.22819168101205,13.2110973217503,1.18899875895752,0.192161415589095,0.0103286760879138,240.201769486369,0.288242123383642,136.735107948998,266.087803966478,"Non-incubated"
"62","S19","B","1 No",20.5324755321333,0.0195058517555267,0.00913695161179933,0.0882896447881733,0.0225857230853467,0.1231948531928,26.6922181917733,5.235781260694,0.3695845595784,0.0143727328724933,574.909314899733,1.231948531928,161.712354008418,281.683570486458,"Non-incubated"
"63","S19","C","1 No",111.182237795223,0.0181934570937637,0.0262794380243253,0.242579427916849,0.0353761665712072,0.141504666284829,87.9350426198578,14.1504666284829,1.61719618611233,0.0414406522691284,1111.82237795223,2.52686904080051,185.402879529774,288.785424018638,"Non-incubated"
"64","S20","A","1 No",562.717413546143,0.0143237159811745,0.235318191119296,0.603642316349499,0.163699611213423,1.33005934110906,399.017802332719,32.7399222426847,5.9341109064866,0.0920810313075506,4501.73930836914,7.26417024759566,90.9647122128231,151.238315622603,"Non-incubated"
"65","S21","A","1 No",1589.29872193894,0.0025,0.446990265545328,4.27124031521091,0.675451956824051,0.99331170121184,1787.96106218131,109.264287133302,6.45652605787696,0.0506588967618038,5761.20786702867,18.872922323025,523.044953488143,743.187607808349,"Non-incubated"
"66","S21","B","1 No",302.358395484781,0.0025,0.0493852045958476,1.0078613182826,0.171336424108043,0.211650876839347,483.77343277565,30.2358395484781,2.31808103204999,0.0141100584559565,1713.36424108043,4.3338036686152,345.42646763842,527.923523433393,"Non-incubated"
"67","S21","C","1 No",1206.84610883558,0.767992978349912,0.230397893504974,3.4011117612639,0.405939145699239,0.54856641310708,987.419543592744,85.5763604447045,5.59537741369222,0.0625365710942071,4827.38443534231,10.9713282621416,494.758440001177,713.781939132133,"Non-incubated"
"68","S22","A","1 No",19.0139435586096,0.00510374274467943,0.0070051371005404,0.0890653145640136,0.0190139435586096,0.0390286209887251,24.0176129161385,4.10300887317366,0.2601908065915,0.00380278871172193,280.205484021616,0.490359597037828,149.694156109732,235.050630846496,"Non-incubated"
"69","S22","B","1 No",659.604237457526,0.0119928043174096,0.219868079152508,1.99880071956826,0.109934039576254,0.359784129522287,269.838097141715,32.9802118728763,3.59784129522287,0.0719568259044573,2898.26104337398,11.9928043174096,219.509177137442,286.759640070468,"Non-incubated"
"70","S22","C","1 No",606.663351566385,0.0288413724515167,0.119343610144207,4.47538538040776,0.129288910989557,0.0556936847339632,556.936847339632,66.6335156638488,2.88413724515167,0.0397812033814023,2884.13724515167,12.9288910989557,265.152256345131,357.167676191973,"Non-incubated"
"71","S01","C","2 No",201.972599050729,0.868482175918134,0.0626115057057259,6.56410946914869,0.100986299525364,0.0575621907294577,1514.79449288047,14.138081933551,11.1084929477901,0.0181775339145656,1817.75339145656,6.66509576867405,124.384222540534,289.693092977259,"Non-incubated"
"72","S02","A","2 No",NA,NA,NA,NA,NA,NA,NA,NA,NA,NA,NA,NA,143.762215870025,237.24073756329,"Non-incubated"
"73","S03","A","2 No",9.73488658857124,0.0905344452737125,0.0301781484245708,0.876139792971412,0.0165493072005711,0.38939546354285,20.4432618359996,14.6023298828569,1.84962845182854,0.00973488658857124,214.167504948567,1.84962845182854,56.3288635145649,86.5266720653839,"Non-incubated"
"74","S04","A","2 No",27.8348465769766,0.0278348465769766,0.0606402014712705,0.99410166346345,0.019882033269269,0.119292199615614,67.5989131155146,10.935118298098,2.28643382596594,0.00954337596924912,308.17151567367,2.98230499039035,98.6416664925755,155.099494675762,"Non-incubated"
"75","S05","A","2 No",NA,NA,NA,NA,NA,NA,NA,NA,NA,NA,NA,NA,NA,NA,"Non-incubated"
"76","S06","A","2 No",5.95578586089707,0.0444160301490629,0.0131229179985868,0.787375079915206,0.00969077021434099,0.0373498435344392,12.1134627679262,14.1323732292473,1.11040075372657,0.00333120226117972,232.17470305192,1.11040075372657,32.9872525346902,51.8116383440617,"Non-incubated"
"77","S06","A","2 No",8.19890681242501,0.039994667377683,0.0109985335288628,0.839888014931342,0.013998133582189,0.0629916011198507,12.998266897747,14.9980002666311,1.19984002133049,0.00359952006399147,229.969337421677,1.19984002133049,32.9872525346902,51.8116383440617,"Non-incubated"
"78","S07","A","2 No",3.07285643482571,0.0475797125392367,0.00138774161572774,0.307285643482571,0.00882207169998348,0.070378324797621,39.649760449364,7.43433008425574,0.644308607302164,0.00644308607302164,406.41004460598,0.624483727077482,11.5026073389816,29.8713084860338,"Non-incubated"
"79","S08","A","2 No",14.9233932479936,0.497446441599788,0.00567088943423758,0.477548583935796,0.0238774291967898,0.0965046096703588,37.8059295615839,4.37752868607813,1.19387145983949,0.0169131790143928,427.803939775817,1.29336074815945,51.1259746970789,89.5484868168006,"Non-incubated"
"80","S09","A","2 No",2.69228212457621,0.00707970484610782,0.00648141992953533,0.309113873562454,0.0025,0.0408828026324536,11.9656983314498,4.18799441600745,0.99714152762082,0.001,189.456890247956,0.897427374858738,20.0643742055203,31.5427449201426,"Non-incubated"
"81","S10","A","2 No",10.7418378307998,0.0810520490869438,0.00771459262393802,0.644510269847987,0.0214836756615996,0.126948992545816,38.0846977637447,14.6479606783633,1.36714299664724,0.0214836756615996,341.785749161811,1.17183685426907,58.5923710434018,101.53053370636,"Non-incubated"
"82","S10","A","2 No",12.8874496067676,0.078316039918049,0.00733593285308307,0.574978520917322,0.0188355032714295,0.138787918842112,42.6277179300773,14.8701341616549,1.28874496067676,0.0208181878263168,337.056374330844,1.18961073293239,58.5923710434018,101.53053370636,"Non-incubated"
"83","S11","A","2 No",4.08838703397255,0.0204419351698627,0.010707680327071,0.253090625912586,0.0081767740679451,0.10707680327071,5.06181251825173,19.4685096855836,0.564586780881923,0.00613258055095882,457.509977611214,0.447775722768422,58.0859319096632,94.0582078593652,"Non-incubated"
"84","S12","A","2 No",2.46054919458023,0.0600374003477576,0.00383845674354516,0.265739313014665,0.0127948558118172,0.0649584987369181,1.96843935566418,9.84219677832092,0.374003477576195,0.00541320822807651,639.74279059086,0.551163019585972,26.5141258277228,51.7600565379905,"Non-incubated"
"85","S13","A","2 No",1.66465384992003,0.0195841629402357,0.00156673303521885,0.0881287332310605,0.0107712896171296,0.0411267421744949,1.66465384992003,15.6673303521885,0.146881222051767,0.001,381.891177334595,0.244802036752946,23.6435905828417,49.6991847389959,"Non-incubated"
"86","S14","A","2 No",1.09967009897031,0.0319904028791363,0.00599820053983805,0.189943017094872,0.0109967009897031,0.0999700089973008,1.09967009897031,19.9940017994602,0.439868039588123,0.00339898030590823,839.748075577327,0.179946016195141,29.9999261973239,62.8058156409646,"Non-incubated"
"87","S15","A","2 No",9.96446009233733,0.189324741754409,0.0044840070415518,0.0687547746371276,0.0548045305078553,0.338791643139469,29.893380277012,4.88258544524529,0.368685023416481,0.00817085727571661,558.009765170891,0.587903145447902,80.7642213787452,171.896122010218,"Non-incubated"
"88","S16","A","2 No",NA,NA,NA,NA,NA,NA,NA,NA,NA,NA,NA,NA,NA,NA,"Non-incubated"
"89","S18","A","2 No",1.58672440580477,0.0025,0.00168589468116756,0.0783445175366104,0.0025,0.0317344881160953,2.97510826088394,2.67759743479554,0.436349211596311,0.001,406.598128987471,0.0723943010148425,NA,NA,"Non-incubated"
"90","S19","A","2 No",7.96178343949045,0.0995222929936306,5e-04,0.0378184713375796,0.0199044585987261,0.048765923566879,7.96178343949045,15.9235668789809,0.189092356687898,0.00238853503184713,865.843949044586,0.417993630573248,60.7381422901688,136.860616673571,"Non-incubated"
"91","S21","A","2 No",7.36352094794752,0.0558611933982226,5e-04,0.126957257723233,0.0139652983495556,0.00634786288616166,6.22090562843842,20.3131612357173,0.110452814219213,0.001,825.222175201015,0.558611933982226,103.799762956037,213.38835884616,"Non-incubated"
"92","S22","A","2 No",12.2877217303633,0.0557673524685718,0.00538769337408236,0.567125618324459,0.0141781404581115,0.0226850247329784,27.4110715523488,13.2329310942374,0.831784240209206,0.00245754434607265,396.987932827121,1.70137685497338,65.4575194251652,99.3762136566899,"Non-incubated"
"93","S01","C","2 Yes",3288.38105361058,1.19577492858566,0.229190194645586,12.9542283930114,3.1887331428951,11.9577492858566,6776.0579286521,28.8978941074869,18.9331030359397,0.001,14947.1866073208,24.911977678868,706.611132919559,834.679113162955,"Incubated"
"94","S02","C","2 Yes",NA,NA,NA,NA,NA,NA,NA,NA,NA,NA,NA,NA,NA,NA,"Incubated"
"95","S03","A","2 Yes",948.608707229397,0.0129809612568233,0.149780322194115,6.29077353215284,0.669018772467048,7.08960191718812,339.502063639995,99.8535481294102,14.9780322194115,0.0149780322194115,3395.02063639995,30.9545999201172,183.859687775924,219.986435432138,"Incubated"
"96","S04","A","2 Yes",2183.98411647915,0.178689609530113,0.13898080741231,6.94904037061549,1.58835208471211,5.95632031767042,2779.61614824619,377.233620119126,12.9053606882859,0.0198544010589014,7842.48841826605,39.7088021178028,406.423807460983,486.133186609886,"Incubated"
"97","S05","C","2 Yes",NA,NA,NA,NA,NA,NA,NA,NA,NA,NA,NA,NA,NA,NA,"Incubated"
"98","S06","A","2 Yes",1596.59393294305,0.349254922831293,0.0848190526875998,5.48829164449175,1.39701969132517,8.48190526875998,3193.18786588611,329.297498669505,9.87892496008515,0.00399148483235764,7184.67269824375,31.9318786588611,313.69787765437,386.938296316203,"Incubated"
"99","S07","A","2 Yes",390.892211472686,0.013681227401544,0.0371347600899052,1.85673800449526,0.214990716309978,3.42030685038601,46.9070653767224,32.2486074464966,5.27704485488127,0.00977230528681716,1563.56884589075,11.7267663441806,81.3844864531976,105.332324788195,"Incubated"
"100","S08","A","2 Yes",1604.06362785724,0.150380965111616,0.130330169763401,3.50888918593771,1.30330169763401,11.0279374415185,2406.09544178586,59.1498462772357,11.0279374415185,0.0190482555808047,7819.81018580404,29.0736532549124,325.621609434277,406.850427405951,"Incubated"
"101","S09","A","2 Yes",366.65125189932,0.0118913919534914,0.0465746184845082,1.48642399418643,0.218008852480676,2.67556318953558,41.6198718372201,23.7827839069829,4.16198718372201,0.00267556318953558,1387.32906124067,10.9004426240338,64.1027802458307,81.1435587161697,"Incubated"
"102","S10","A","2 Yes",801.148312581367,0.0150215308609006,0.0530760757085155,2.80401909403478,0.210301432052609,1.7024401642354,70.1004773508696,120.172246887205,8.41205728210435,0.0911306205561304,2804.01909403478,16.0229662516273,205.040633383241,250.368939344055,"Incubated"
"103","S11","A","2 Yes",148.563882469462,0.0025,0.0425883129745791,1.68372400132057,0.0227797953119841,1.18851105975569,13.8659623638164,67.3489600528227,4.45691647408386,0.054473423572136,1782.76658963354,3.36744800264114,117.199638316625,168.233753123512,"Incubated"
"104","S12","A","2 Yes",691.475146980225,0.481026189203634,0.110235168359166,3.60769641902726,0.230491715660075,3.60769641902726,110.235168359166,87.1859967931588,8.01710315339391,0.0280598610368787,4710.04810261892,18.0384820951363,231.620999885818,273.281765949539,"Incubated"
"105","S13","A","2 Yes",886.248215886082,0.408271650014937,0.0856374680519136,2.58903973180204,0.268861818302519,1.69283367079364,57.7555017094301,179.24121220168,5.07850101238092,0.001,4182.29495137252,10.9536296345471,160.053707481606,200.259599127719,"Incubated"
"106","S14","A","2 Yes",386.700158646219,0.0025,0.0862638815441565,2.87546271813855,0.128900052882073,2.08223162347964,53.5430988894765,138.815441565309,7.63484928609201,0.0604838709677419,3767.84769962983,9.02300370174511,192.989076437484,239.519062384302,"Incubated"
"107","S15","A","2 Yes",222.332015810277,0.0103754940711462,0.118577075098814,0.605237154150198,0.0592885375494071,0.728754940711462,10.3754940711462,32.1146245059289,3.45849802371542,0.0691699604743083,2840.90909090909,7.41106719367589,152.31449234298,273.463962443137,"Incubated"
"108","S16","C","2 Yes",NA,NA,NA,NA,NA,NA,NA,NA,NA,NA,NA,NA,1416.27847599406,1557.14353368676,"Incubated"
"109","S18","A","2 Yes",0.25,0.0025,5e-04,0.00229869740480394,0.0025,0.0339807442449279,0.125,0.0919478961921578,0.0299830096278775,0.001,389.779125162408,0.01,NA,NA,"Incubated"
"110","S19","A","2 Yes",1854.52297547909,1.13744075829384,0.173088811044715,2.10179270554296,0.321450649083041,2.71996703070266,445.08551411498,271.996703070266,7.78899649701216,0.395631568102205,10138.058932619,23.4906243560684,583.094298098365,806.460860473539,"Incubated"
"111","S21","A","2 Yes",4568.52791878173,0.284263959390863,0.233502538071066,7.81725888324873,0.791878172588832,1.6243654822335,7817.25888324873,639.593908629442,9.23857868020304,0.03248730964467,28426.3959390863,78.1725888324873,1455.84967450805,1617.47387793723,"Incubated"
"112","S22","A","2 Yes",599.001663893511,0.0025,0.0978369384359401,2.79534109816972,0.149750415973378,0.748752079866889,85.8569051580699,64.891846921797,4.49251247920133,0.075873544093178,2396.00665557404,15.973377703827,211.461484300986,220.007390151496,"Incubated"
"113","S01","A","3 Yes",NA,NA,NA,NA,NA,NA,NA,NA,NA,NA,NA,NA,NA,NA,"Incubated"
"114","S01","B","3 Yes",NA,NA,NA,NA,NA,NA,NA,NA,NA,NA,NA,NA,NA,NA,"Incubated"
"115","S01","C","3 Yes",NA,NA,NA,NA,NA,NA,NA,NA,NA,NA,NA,NA,NA,NA,"Incubated"
"116","S02","A","3 Yes",1127.04918032787,0.0297131147540984,0.133196721311475,5.73770491803279,0.348360655737705,4.0983606557377,225.409836065574,1434.4262295082,7.78688524590164,0.0184426229508197,6967.2131147541,22.5409836065574,236.65412675813,314.26149550584,"Incubated"
"117","S02","B","3 Yes",518.345360300844,0.0203272690314056,0.121963614188434,5.69163532879358,0.101636345157028,1.82945421282651,93.5054375444659,1524.54517735542,6.80963512552089,0.0223599959345462,4370.36284175221,20.3272690314056,340.734374525277,451.577116925065,"Incubated"
"118","S02","C","3 Yes",1606.64078189851,0.582407283438211,0.150622573302986,7.12946846967466,0.592448788325077,6.02490293211943,642.656312759406,1305.39563529254,8.4348641049672,0.00301245146605971,7731.9587628866,25.1037622171643,349.330929427504,468.752008692604,"Incubated"
"119","S03","A","3 Yes",306.915182710445,0.00537101569743278,0.0728923558937306,2.58959685411938,0.089197224975223,3.06915182710445,16.3048690814924,239.777486492535,6.61785862719396,0.00191821989194028,2589.59685411938,8.63198951373126,89.0626767138735,120.189273998337,"Incubated"
"120","S03","B","3 Yes",170.774176265738,0.0025,0.0783552102866327,2.71229574069113,0.0442003750334851,2.31047414947763,8.1368872220734,200.910795606751,6.02732386820252,0.00693142244843289,1808.19716046076,6.02732386820252,112.287985363125,159.003215914959,"Incubated"
"121","S03","C","3 Yes",26.6473665164325,0.0025,0.0592163700365168,3.65167615225187,0.00819159785505148,1.7764911010955,1.38171530085206,167.779715103464,7.59943415468632,0.0148040925091292,1085.63345066947,5.03339145310392,53.2210377322811,82.3194510324288,"Incubated"
"122","S04","A","3 Yes",1685.83895279651,0.138833796112654,0.119000396667989,4.76001586671956,1.88417294724316,9.91669972233241,2280.84093613645,396.667988893296,9.91669972233241,0.001,9321.69773899246,17.8500595001983,356.919616035152,425.904561922635,"Incubated"
"123","S04","B","3 Yes",1983.2743860113,0.535484084223052,0.109080091230622,4.16487621062374,2.18160182461243,8.72640729844974,4660.69480712657,495.818596502826,8.32975242124748,0.0128912835090735,13882.9207020791,17.8494694741017,482.706571478481,558.200616127786,"Incubated"
"124","S04","C","3 Yes",1696.71967529443,0.429170270809768,0.129749151640162,4.19189566837448,2.09594783418724,11.9768447667842,3493.24639031206,399.228158892807,9.08244061481136,0.00249517599308005,10978.7743695522,17.9652671501763,376.798795146858,451.200143728298,"Incubated"
"125","S05","A","3 Yes",NA,NA,NA,NA,NA,NA,NA,NA,NA,NA,NA,NA,NA,NA,"Incubated"
"126","S05","B","3 Yes",NA,NA,NA,NA,NA,NA,NA,NA,NA,NA,NA,NA,NA,NA,"Incubated"
"127","S05","C","3 Yes",NA,NA,NA,NA,NA,NA,NA,NA,NA,NA,NA,NA,NA,NA,"Incubated"
"128","S06","A","3 Yes",1264.01763142542,0.213910676087379,0.0379205289427627,2.62526738834511,1.16678550593116,4.08374927075906,3014.19589032216,437.544564724185,5.15330265119595,0.0505607052570169,7292.40941206975,17.5017825889674,361.017263904404,433.499418715699,"Incubated"
"129","S06","B","3 Yes",1368.03361454024,0.0977166867528745,0.0371323409660923,3.02921728933911,1.46575030129312,4.2018175303736,2149.76710856324,381.095078336211,5.96071789192534,0.0439725090387935,8305.91837399433,19.5433373505749,367.356215536248,447.783965233999,"Incubated"
"130","S07","A","3 Yes",308.3941019628,0.0260207523531113,0.0298756786276463,1.73471682354075,0.183108998040413,1.9274631372675,37.5855311767163,52.0415047062225,4.2404189019885,0.0327668733335475,2023.83629413088,9.54094252947412,69.6435729286494,88.1657997713753,"Incubated"
"131","S07","B","3 Yes",658.616904500549,0.0226399560922064,0.0339599341383095,2.16108671789243,0.411635565312843,4.21926454445664,154.363336992316,75.1234906695938,5.35126234906696,0.00689489571899012,3498.90230515917,12.3490669593853,89.8599175464567,109.948581777582,"Incubated"
"132","S07","C","3 Yes",616.486029631103,0.0178979815054191,0.0288356368698419,1.88923138112757,0.328129660932684,3.48016307049816,90.4842398329522,63.6372675748235,4.77279506811176,0.012926319976136,3181.86337874117,10.9376553644228,107.67459837178,131.812005760958,"Incubated"
"133","S08","A","3 Yes",1094.34587962195,0.0427789752943127,0.0785939313546676,2.18869175924391,0.835682308074946,7.75990714641021,1392.80384679158,64.6658928867518,6.56607527773172,0.00477532747471398,6864.53324490134,14.9228983584812,269.663316913171,326.697858894807,"Incubated"
"134","S08","B","3 Yes",712.072262148085,0.0356036131074042,0.0632953121909409,1.78018065537021,0.356036131074042,3.56036131074042,267.027098305532,49.4494626491725,5.24164304081229,0.050438451902156,4648.24948902222,12.8568602887849,247.078653828861,302.308973050293,"Incubated"
"135","S08","C","3 Yes",669.352958806487,0.00999034266875354,0.0699323986812748,2.09797196043824,0.499517133437677,5.29488161443938,309.70062273136,55.9459189450198,6.29391588131473,0.0409604049418895,5095.0747610643,13.986479736255,267.428776115947,312.809986120867,"Incubated"
"136","S09","A","3 Yes",552.523189230821,0.0482202056055989,0.0281284532699327,1.90871647188829,0.652981950909152,4.5206442755249,562.569065398654,72.3303084083984,4.31972675216824,0.00853899474265814,4420.18551384657,13.059639018183,173.029052299382,192.978725196579,"Incubated"
"137","S09","B","3 Yes",1093.22202345458,0.0457165573444643,0.0288213078910753,2.38521168753727,1.09322202345458,4.57165573444643,616.179685947128,129.198966408269,4.77042337507454,0.001,4969.19101570264,13.9137348439674,150.341403423551,174.565781365785,"Incubated"
"138","S09","C","3 Yes",2.29251113030766,0.0129576716060868,5e-04,0.159479035151837,0.0025,0.00777460296365207,7.67492856668217,11.9609276363878,0.289055751212705,0.001,448.534786364542,0.528274303940461,102.933743292947,126.054368606467,"Incubated"
"139","S10","A","3 Yes",1333.60689372179,0.0307755437012721,0.0718096019696348,3.38530980713993,0.728354534263439,7.18096019696348,1128.43660237998,246.204349610176,8.71973738202708,0.0102585145670907,6155.10874025441,18.4653262207632,239.168334544498,269.498587277836,"Incubated"
"140","S10","B","3 Yes",1374.08019222105,0.0360414476648145,0.0698303048505782,3.60414476648145,0.968613905991891,9.46088001201382,2004.80552635531,270.310857486109,8.55984382039345,0.00450518095810182,6983.03048505781,19.1470190719327,263.041676697222,299.359794277782,"Incubated"
"141","S10","C","3 Yes",1368.97001303781,0.0919165580182529,0.0811603650586702,4.10691003911343,0.948500651890482,8.89830508474576,1955.67144719687,254.237288135593,9.58279009126467,0.00391134289439374,7627.1186440678,19.5567144719687,343.653387789212,406.406277439184,"Incubated"
"142","S11","A","3 Yes",9.4508555511341,0.0025,0.00984878631118185,0.119379228014325,0.0025,0.0636689216076403,2.0891364902507,35.8137684042976,0.49741345005969,0.00278551532033426,984.878631118185,0.238758456028651,21.1334972745649,35.9801418129892,"Incubated"
"143","S11","B","3 Yes",0.25,0.0025,0.00440155195461511,0.0518405007988002,0.0025,0.036190538293502,0.125,24.4530664145284,0.195624531316227,0.001,978.122656581135,0.0469498875158945,9.54099598588084,23.724135758614,"Incubated"
"144","S11","C","3 Yes",3.96671826625387,0.0025,0.0232198142414861,0.503095975232198,0.0025,0.183823529411765,0.338622291021672,65.7894736842105,1.35448916408669,0.0071594427244582,1451.23839009288,0.47407120743034,61.1816454107116,82.181013583619,"Incubated"
"145","S12","A","3 Yes",930.403174709041,0.510221095808184,0.110047687331177,3.30143061993531,0.370160402841231,4.60199419748558,300.130056357755,100.043352119252,7.90342481742088,0.0160069363390803,5802.5144229166,16.0069363390803,176.699324042761,204.500070570418,"Incubated"
"146","S12","B","3 Yes",963.671887935888,0.496738086564891,0.109282379044276,3.37781898864126,0.377520945789317,4.27194754445806,377.520945789317,109.282379044276,7.94780938503825,0.0119217140775574,6258.89989071762,17.8825711163361,215.204053462858,244.108782423577,"Incubated"
"147","S12","C","3 Yes",998.203234178479,0.0025,0.119784388101417,3.29407067278898,0.269514873228189,3.99281293671392,169.694549810341,119.784388101417,7.88580555000998,0.0519065681772809,5989.21940507087,14.9730485126772,200.919701379007,222.205767933372,"Incubated"
"148","S13","A","3 Yes",699.142256028484,0.0233047418676161,0.106813400226574,2.13626800453148,0.165075254895614,2.03916491341641,80.5955656255057,281.598964233695,5.14646382909856,0.0203916491341641,4855.15455575336,11.6523709338081,203.050466814308,230.090700464543,"Incubated"
"149","S13","B","3 Yes",106.962271489693,0.014585764294049,0.0486192143134967,0.758459743290548,0.0233372228704784,0.14585764294049,82.6526643329444,155.581485803189,2.13924542979385,0.0457020614546869,3403.34500194477,3.79229871645274,179.182047036578,230.418170535929,"Incubated"
"150","S13","C","3 Yes",716.941051513542,0.0109532660647902,0.0995751460435475,1.79235262878386,0.179235262878386,1.49362719065321,44.8088157195964,238.980350504514,4.48088157195964,0.0378385554965481,4978.75730217738,9.16091343600637,186.596496518044,210.013412766074,"Incubated"
"151","S14","B","3 Yes",338.0505750174,0.2386239353064,0.0874954429456799,2.485665992775,0.1093693036821,1.690252875087,33.80505750174,119.3119676532,6.86043814005899,0.0666158486063699,3977.06558844,7.25814469890299,178.688934213353,216.575698353812,"Incubated"
"152","S14","C","3 Yes",606.784044563812,0.328260220829603,0.0984780662488809,2.98418382572366,0.208892867800657,2.98418382572366,68.6362279916443,139.261911867104,8.75360588878942,0.00954938824231573,4575.74853277629,9.35044265393415,143.340182178085,162.219795560353,"Incubated"
"153","S15","A","3 Yes",14.5530145530146,0.0166320166320166,0.0155925155925156,0.197505197505197,0.0155925155925156,0.0841995841995842,2.7027027027027,42.6195426195426,0.904365904365904,0.0155925155925156,5093.55509355509,3.43035343035343,165.653397523781,271.694710439666,"Incubated"
"154","S15","B","3 Yes",186.843129622421,0.0256909303230829,0.1775009731413,0.700661736084079,0.0560529388867263,0.817438692098093,23.3553912028026,86.4149474503698,6.07240171272869,0.0817438692098093,8875.048657065,13.0790190735695,238.229566352218,351.101320539968,"Incubated"
"155","S15","C","3 Yes",405.95399188092,0.0072644398547112,0.17092799658144,0.66234598675308,0.094010398119792,1.068299978634,34.185599316288,54.483298910334,5.6619898867602,0.105761697884766,6837.1198632576,16.02449967951,351.070273157908,448.732105803987,"Incubated"
"156","S16","A","3 Yes",NA,NA,NA,NA,NA,NA,NA,NA,NA,NA,NA,NA,NA,NA,"Incubated"
"157","S16","B","3 Yes",NA,NA,NA,NA,NA,NA,NA,NA,NA,NA,NA,NA,1743.91317453493,2036.73978135552,"Incubated"
"158","S16","C","3 Yes",NA,NA,NA,NA,NA,NA,NA,NA,NA,NA,NA,NA,1122.81941925565,1355.44596573567,"Incubated"
"159","S17","A","3 Yes",NA,NA,NA,NA,NA,NA,NA,NA,NA,NA,NA,NA,434.401297598165,554.681633832262,"Incubated"
"160","S17","B","3 Yes",NA,NA,NA,NA,NA,NA,NA,NA,NA,NA,NA,NA,455.496314214318,568.679888414872,"Incubated"
"161","S17","C","3 Yes",NA,NA,NA,NA,NA,NA,NA,NA,NA,NA,NA,NA,NA,NA,"Incubated"
"162","S18","A","3 Yes",0.769178867822684,0.00698333445786384,5e-04,0.01416908440726,0.0025,0.0202415491532285,3.54227110181499,0.425072532217799,0.0293502462721814,0.001,354.227110181499,0.02125362661089,NA,NA,"Incubated"
"163","S18","B","3 Yes",0.52278301277914,0.0025,5e-04,0.00445333677552601,0.0025,0.0183942171163031,0.638957015618949,0.60023234800568,0.0116174002839809,0.001,271.072673292888,0.01,NA,NA,"Incubated"
"164","S18","C","3 Yes",NA,NA,NA,NA,NA,NA,NA,NA,NA,NA,NA,NA,NA,NA,"Incubated"
"165","S19","A","3 Yes",2019.81340771376,1.32730595364047,0.178897758968933,3.17399249783591,0.46167163604886,3.75108204289699,1471.57833990574,432.817158795806,6.9250745407329,0.219294027123209,14427.2386265269,25.6804847552178,545.934100413738,705.046825117769,"Incubated"
"166","S19","B","3 Yes",1712.0844628335,1.17705806819803,0.160507918390641,2.78213725210444,0.331716364673991,2.67513197317734,663.432729347981,374.518476244828,4.81523755171922,0.235411613639606,13910.6862605222,22.4711085746897,612.46148743027,766.766434873857,"Incubated"
"167","S19","C","3 Yes",1306.53266331658,0.0025,0.130653266331658,2.71356783919598,0.331658291457286,2.31155778894472,834.170854271357,281.407035175879,3.71859296482412,0.180904522613065,10050.2512562814,20.1005025125628,416.218198684748,534.290874755056,"Incubated"
"168","S20","A","3 Yes",2.04841077464067,0.0225325185210474,0.00194599023590864,0.0317503670069305,0.0025,0.0348229831688915,1.63872861971254,21.5083131337271,0.153630808098051,0.001,4916.18585913762,0.594039124645796,421.194499334621,601.840140160358,"Incubated"
"169","S20","B","3 Yes",146.443514644351,0.00857740585774058,0.115062761506276,0.418410041841004,0.049163179916318,0.209205020920502,74.2677824267782,76.3598326359833,3.87029288702929,0.0428870292887029,9518.82845188284,10.0418410041841,461.093025891679,626.098966204996,"Incubated"
"170","S20","C","3 Yes",3.89727190966324,0.0259818127310882,5e-04,0.0229839112621165,0.00759468372139502,0.0309783151793744,9.79314479864095,14.9895073448586,0.109923053862296,0.001,4097.13200759468,0.439692215449186,536.289753720617,750.594257424692,"Incubated"
"171","S21","A","3 Yes",2999.00033322226,2.19926691102966,0.209930023325558,5.29823392202599,0.679773408863712,1.79940019993336,4098.63378873709,789.736754415195,6.39786737754082,0.0949683438853715,25991.3362212596,50.9830056647784,1528.14434457618,1711.16585354062,"Incubated"
"172","S21","C","3 Yes",2759.10859568447,1.91015210470463,0.180403254333215,4.77538026176159,0.382030420940927,0.456314113901663,3183.58684117439,689.777148921118,5.41209762999646,0.062610541209763,24407.4991156703,56.2433675274142,1417.99611867156,1690.38538086477,"Incubated"
"173","S22","A","3 Yes",NA,NA,NA,NA,NA,NA,NA,NA,NA,NA,NA,NA,NA,NA,"Incubated"
"174","S22","B","3 Yes",NA,NA,NA,NA,NA,NA,NA,NA,NA,NA,NA,NA,NA,NA,"Incubated"
"175","S22","C","3 Yes",NA,NA,NA,NA,NA,NA,NA,NA,NA,NA,NA,NA,NA,NA,"Incubated"
"176","S02","A","2 Yes",NA,NA,NA,NA,NA,NA,NA,NA,NA,NA,NA,NA,138.838683047463,237.554260443595,"Incubated"
"177","S06","C","3 Yes",NA,NA,NA,NA,NA,NA,NA,NA,NA,NA,NA,NA,292.602252701783,350.907377090307,"Incubated"
"178","S14","A","3 Yes",NA,NA,NA,NA,NA,NA,NA,NA,NA,NA,NA,NA,181.070032326615,233.840768712067,"Incubated"
"179","S16","B","2 Yes",NA,NA,NA,NA,NA,NA,NA,NA,NA,NA,NA,NA,1344.92972271094,1522.5284227624,"Incubated"
"180","S16","A","2 Yes",NA,NA,NA,NA,NA,NA,NA,NA,NA,NA,NA,NA,1710.42896833473,1879.96118207546,"Incubated"
"181","S17","A","2 Yes",NA,NA,NA,NA,NA,NA,NA,NA,NA,NA,NA,NA,425.124830240923,519.46992211402,"Incubated"
"182","S17","A","2 No",NA,NA,NA,NA,NA,NA,NA,NA,NA,NA,NA,NA,99.0945083220317,237.171262682146,"Non-incubated"
"183","S20","B","1 No",NA,NA,NA,NA,NA,NA,NA,NA,NA,NA,NA,NA,440.055067692353,627.150780979768,"Non-incubated"
"184","S20","C","1 No",NA,NA,NA,NA,NA,NA,NA,NA,NA,NA,NA,NA,389.570444927046,594.413493113331,"Non-incubated"
"185","S20","A","2 Yes",NA,NA,NA,NA,NA,NA,NA,NA,NA,NA,NA,NA,304.530466197972,480.484165532448,"Incubated"
"186","S20","A","2 No",NA,NA,NA,NA,NA,NA,NA,NA,NA,NA,NA,NA,95.6967679373782,264.376284963185,"Non-incubated"
"187","S21","B","3 Yes",NA,NA,NA,NA,NA,NA,NA,NA,NA,NA,NA,NA,1861.30394861442,2076.07356759944,"Incubated"
